username,mediacount,followers,followees,has_viewable_story,language,new_feature,result
nyx.ynn,0,36,29,0,5,42,0
beingsalmankhan,1460,69517142,40,0,5,42,1
paruluniversity,6178,189367,86,1,5,42,1
iamsrk,844,47571420,6,0,5,42,1
mj_editz.03,178,1059,32,0,5,42,1
narendramodi,829,91614027,0,1,5,42,0
dualipa,217,87641068,4,1,5,42,1
taylorswift,668,284117745,0,0,5,42,0
its_kunj_khanpara_,2,1119,386,0,5,42,0
nandan__09_,0,284,247,0,5,42,0
nyx.ynn,0,35,29,0,5,42,0
wowsome2.0,1,328,25,0,5,42,0
beingsalmankhan,1459,69629562,42,1,5,42,1
alluarjunonline,620,26465935,1,0,5,42,0
wowsome2.0,1,326,22,0,5,42,0
samantha,3815,139864,1043,0,5,42,1
samantha,3815,139864,1043,0,5,42,1
wowsome2.0,1,326,22,0,5,42,0
wowsome2.0,1,326,22,0,5,42,0
iamsrk,843,47679563,6,0,5,42,1
__lavesh__02__,8,396,365,1,5,42,1
goll_gappaaa,20,449,720,0,5,42,0
mainly_krishna_,55,1639,357,0,5,42,0
chandni_thakkar08,110,306,92,0,5,42,1
bhumi_ravi_bhoi,64,625,622,0,5,42,0
parth.2106,56,318,339,0,5,42,0
payalkharwar17,12,211,99,0,5,42,0
beingsalmankhan,1459,69629702,42,1,5,42,1
beingsalmankhan,1458,69766814,42,0,5,42,1
nyx.ynn,0,34,29,0,5,42,0
bloodymoon_09,0,84,177,0,5,42,0
beingsalmankhan,1459,69860258,42,0,5,42,1
its_kunj_khanpara_,2,1132,399,0,5,42,0
paruluniversity,6265,193686,90,1,5,42,1
_.rohan._12_,3,719,478,0,5,42,0
elvish_yadav,1136,16750705,606,1,5,42,1
bjp4india,11224,8396051,3,0,5,42,1
incindia,24644,7035804,58,0,5,42,1
paruluniversity,6265,193685,90,1,5,42,1
paruluniversity,6265,193685,90,1,5,42,1
beingsalmankhan,1459,69860905,42,0,5,42,1
dualipa,281,87450240,4,1,5,42,1
goll_gappaaa,19,395,648,0,5,42,0
dualipa,281,87450242,4,1,5,42,1
dualipa,281,87450202,4,1,5,42,1
goll_gappaaa,19,395,648,0,5,42,0
goll_gappaaa,19,395,648,0,5,42,0
goll_gappaaa,19,395,648,0,5,42,0
goll_gappaaa,19,395,648,0,5,42,0
goll_gappaaa,19,395,648,0,5,42,0
goll_gappaaa,19,395,648,0,5,42,0
goll_gappaaa,19,395,648,0,5,42,0
goll_gappaaa,19,395,648,0,5,42,0
goll_gappaaa,19,395,648,0,5,42,0
goll_gappaaa,19,391,651,0,5,42,0
goll_gappaaa,19,391,651,0,5,42,0
beingsalmankhan,1472,69885224,43,0,5,42,1
goll_gappaaa,19,391,651,0,5,42,0
goll_gappaaa,19,391,651,0,5,42,0
beingsalmankhan,1472,69884926,43,0,5,42,1
iamsrk,857,47755849,6,0,5,42,1
iamsrk,857,47755821,6,0,5,42,1
goll_gappaaa,19,394,650,0,5,42,0
goll_gappaaa,18,396,658,0,5,42,0
goll_gappaaa,18,396,656,0,5,42,0
goll_gappaaa,18,396,656,0,5,42,0
goll_gappaaa,18,396,656,0,5,42,0
goll_gappaaa,18,396,656,0,5,42,0
goll_gappaaa,18,396,656,0,5,42,0
goll_gappaaa,18,396,656,0,5,42,0
goll_gappaaa,18,396,656,0,5,42,0
goll_gappaaa,18,396,656,0,5,42,0
goll_gappaaa,18,396,656,0,5,42,0
goll_gappaaa,18,396,656,0,5,42,0
goll_gappaaa,18,396,656,0,5,42,0
goll_gappaaa,18,396,656,0,5,42,0
goll_gappaaa,18,396,656,0,5,42,0
goll_gappaaa,18,396,656,0,5,42,0
goll_gappaaa,18,396,656,0,5,42,0
goll_gappaaa,18,396,656,0,5,42,0
goll_gappaaa,18,396,656,0,5,42,0
goll_gappaaa,18,396,656,0,5,42,0
goll_gappaaa,18,396,656,0,5,42,0
goll_gappaaa,18,396,656,0,5,42,0
goll_gappaaa,18,391,657,0,5,42,1,0.4,1,0.16666666666666666,0,50,1,1,18,391,657,0,0.5951293759512938,0.04603580562659847,1
iamsrk,859,47812207,6,0,5,42,1,0.2,3,0.4666666666666667,0,0,0,0,859,47812207,6,1,7968701.166666667,1.796612317017702e-05,1
iamsrk,859,47813149,6,0,5,42,1,0.2,3,0.4666666666666667,0,0,0,0,859,47813149,6,1,7968858.166666667,1.796576920712752e-05,1
goll_gappaaa,18,391,657,0,5,42,1,0.4,1,0.16666666666666666,0,50,1,1,18,391,657,0,0.5951293759512938,0.04603580562659847,1
iamsrk,859,47813782,6,0,5,42,1,0.2,3,0.4666666666666667,0,0,0,0,859,47813782,6,1,7968963.666666667,1.7965531360811408e-05,1
goll_gappaaa,18,391,658,0,5,42,1,0.4,1,0.16666666666666666,0,50,1,1,18,391,658,0,0.5942249240121581,0.04603580562659847,1
iamsrk,859,47815005,6,0,5,42,1,0.2,3,0.4666666666666667,0,0,0,0,859,47815005,6,1,7969167.5,1.7965071843033375e-05,1
goll_gappaaa,18,391,658,0,5,42,1,0.4,1,0.16666666666666666,0,50,1,1,18,391,658,0,0.5942249240121581,0.04603580562659847,1
goll_gappaaa,18,391,658,0,5,42,1,0.4,1,0.16666666666666666,0,50,1,1,18,391,658,0,0.5942249240121581,0.04603580562659847,1
iamsrk,859,47815085,6,0,5,42,1,0.2,3,0.4666666666666667,0,0,0,0,859,47815085,6,1,7969180.833333333,1.7965041785453273e-05,1
mr_fs_11,0,21,3,0,5,42,1,0.26666666666666666,1,0.16666666666666666,0,0,0,0,0,21,3,0,7.0,0.0,1
imsrk,2,937,0,0,5,42,1,0.16666666666666666,0,0,0,0,0,0,2,937,0,0,0,0.0021344717182497333,1
paruluniversity,6555,202096,95,1,5,42,1,0.5,2,0.5333333333333333,1,104,1,0,6555,202096,95,0,2127.3263157894735,0.032435080357849734,1
iamsrk,859,47815126,6,0,5,42,1,0.2,3,0.4666666666666667,0,0,0,0,859,47815126,6,1,7969187.666666667,1.7965026380982453e-05,1
iamsrk,859,47815127,6,0,5,42,1,0.2,3,0.4666666666666667,0,0,0,0,859,47815127,6,1,7969187.833333333,1.7965026005263984e-05,1
iamsrk,859,47815124,6,0,5,42,1,0.2,3,0.4666666666666667,0,0,0,0,859,47815124,6,1,7969187.333333333,1.796502713241944e-05,1
iamsrk,859,47815125,6,0,5,42,1,0.2,3,0.4666666666666667,0,0,0,0,859,47815125,6,1,7969187.5,1.796502675670094e-05,1
iamsrk,859,47814988,6,0,5,42,1,0.2,3,0.4666666666666667,0,0,0,0,859,47814988,6,1,7969164.666666667,1.7965078230282104e-05,1
iamsrk,859,47814988,6,0,5,42,1,0.2,3,0.4666666666666667,0,0,0,0,859,47814988,6,1,7969164.666666667,1.7965078230282104e-05,1
iamsrk,859,47815003,6,0,5,42,1,0.2,3,0.4666666666666667,0,0,0,0,859,47815003,6,1,7969167.166666667,1.7965072594474165e-05,1
iamsrk,859,47815014,6,0,5,42,1,0.2,3,0.4666666666666667,0,0,0,0,859,47815014,6,1,7969169.0,1.7965068461550592e-05,1
goll_gappaaa,18,392,658,0,5,42,1,0.4,1,0.16666666666666666,0,50,1,1,18,392,658,0,0.5957446808510638,0.04591836734693878,1
mr_fs_11,0,21,3,0,5,42,1,0.26666666666666666,1,0.16666666666666666,0,0,0,0,0,21,3,0,7.0,0.0,1
iamsrk,859,47815015,6,0,5,42,1,0.2,3,0.4666666666666667,0,0,0,0,859,47815015,6,1,7969169.166666667,1.796506808583036e-05,1
iamsrk,859,47814957,6,0,5,42,1,0.2,3,0.4666666666666667,0,0,0,0,859,47814957,6,1,7969159.5,1.7965089877629714e-05,1
goll_gappaaa,18,392,658,0,5,42,1,0.4,1,0.16666666666666666,0,50,1,1,18,392,658,0,0.5957446808510638,0.04591836734693878,1
goll_gappaaa,18,392,658,0,5,42,1,0.4,1,0.16666666666666666,0,50,1,1,18,392,658,0,0.5957446808510638,0.04591836734693878,1
goll_gappaaa,18,392,658,0,5,42,1,0.4,1,0.16666666666666666,0,50,1,1,18,392,658,0,0.5957446808510638,0.04591836734693878,1
goll_gappaaa,18,392,658,0,5,42,1,0.4,1,0.16666666666666666,0,50,1,1,18,392,658,0,0.5957446808510638,0.04591836734693878,1
goll_gappaaa,18,392,658,0,5,42,1,0.4,1,0.16666666666666666,0,50,1,1,18,392,658,0,0.5957446808510638,0.04591836734693878,1
goll_gappaaa,18,392,658,0,5,42,1,0.4,1,0.16666666666666666,0,50,1,1,18,392,658,0,0.5957446808510638,0.04591836734693878,1
goll_gappaaa,18,392,658,0,5,42,1,0.4,1,0.16666666666666666,0,50,1,1,18,392,658,0,0.5957446808510638,0.04591836734693878,1
iamsrk,859,47814929,6,0,5,42,1,0.2,3,0.4666666666666667,0,0,0,0,859,47814929,6,1,7969154.833333333,1.7965100397827633e-05,1
goll_gappaaa,18,392,658,0,5,42,1,0.4,1,0.16666666666666666,0,50,1,1,18,392,658,0,0.5957446808510638,0.04591836734693878,1
goll_gappaaa,18,392,658,0,5,42,1,0.4,1,0.16666666666666666,0,50,1,1,18,392,658,0,0.5957446808510638,0.04591836734693878,1
goll_gappaaa,18,392,658,0,5,42,1,0.4,1,0.16666666666666666,0,50,1,1,18,392,658,0,0.5957446808510638,0.04591836734693878,1
mr_fs_11,0,21,3,0,5,42,1,0.26666666666666666,1,0.16666666666666666,0,0,0,0,0,21,3,0,7.0,0.0,1
mr_fs_11,0,21,3,0,5,42,1,0.26666666666666666,1,0.16666666666666666,0,0,0,0,0,21,3,0,7.0,0.0,1
iamsrk,859,47814953,6,0,5,42,1,0.2,3,0.4666666666666667,0,0,0,0,859,47814953,6,1,7969158.833333333,1.7965091380514377e-05,1
iamsrk,859,47814955,6,0,5,42,1,0.2,3,0.4666666666666667,0,0,0,0,859,47814955,6,1,7969159.166666667,1.7965090629072015e-05,1
iamsrk,859,47814955,6,0,5,42,1,0.2,3,0.4666666666666667,0,0,0,0,859,47814955,6,1,7969159.166666667,1.7965090629072015e-05,1
iamsrk,859,47814961,6,0,5,42,1,0.2,3,0.4666666666666667,0,0,0,0,859,47814961,6,1,7969160.166666667,1.79650883747453e-05,1
goll_gappaaa,18,392,658,0,5,42,1,0.4,1,0.16666666666666666,0,50,1,1,18,392,658,0,0.5957446808510638,0.04591836734693878,1
goll_gappaaa,18,392,658,0,5,42,1,0.4,1,0.16666666666666666,0,50,1,1,18,392,658,0,0.5957446808510638,0.04591836734693878,1
goll_gappaaa,18,392,658,0,5,42,1,0.4,1,0.16666666666666666,0,50,1,1,18,392,658,0,0.5957446808510638,0.04591836734693878,1
iamsrk,859,47816787,6,0,5,42,1,0.2,3,0.4666666666666667,0,0,0,0,859,47816787,6,1,7969464.5,1.7964402334268087e-05,1
iamsrk,859,47817065,6,0,5,42,1,0.2,3,0.4666666666666667,0,0,0,0,859,47817065,6,1,7969510.833333333,1.796429789239469e-05,1
iamsrk,859,47817065,6,0,5,42,1,0.2,3,0.4666666666666667,0,0,0,0,859,47817065,6,1,7969510.833333333,1.796429789239469e-05,1
iamsrk,859,47817084,6,0,5,42,1,0.2,3,0.4666666666666667,0,0,0,0,859,47817084,6,1,7969514.0,1.796429075432538e-05,1
iamsrk,859,47817073,6,0,5,42,1,0.2,3,0.4666666666666667,0,0,0,0,859,47817073,6,1,7969512.166666667,1.7964294886891133e-05,1
goll_gappaaa,18,394,658,0,5,42,1,0.4,1,0.16666666666666666,0,50,1,1,18,394,658,0,0.5987841945288754,0.04568527918781726,1
goll_gappaaa,18,394,658,0,5,42,1,0.4,1,0.16666666666666666,0,50,1,1,18,394,658,0,0.5987841945288754,0.04568527918781726,1
goll_gappaaa,18,394,658,0,5,42,1,0.4,1,0.16666666666666666,0,50,1,1,18,394,658,0,0.5987841945288754,0.04568527918781726,1
goll_gappaaa,18,394,658,0,5,42,1,0.4,1,0.16666666666666666,0,50,1,1,18,394,658,0,0.5987841945288754,0.04568527918781726,1
goll_gappaaa,18,394,658,0,5,42,1,0.4,1,0.16666666666666666,0,50,1,1,18,394,658,0,0.5987841945288754,0.04568527918781726,1
goll_gappaaa,18,394,658,0,5,42,1,0.4,1,0.16666666666666666,0,50,1,1,18,394,658,0,0.5987841945288754,0.04568527918781726,1
goll_gappaaa,18,394,658,0,5,42,1,0.4,1,0.16666666666666666,0,50,1,1,18,394,658,0,0.5987841945288754,0.04568527918781726,1
goll_gappaaa,18,394,658,0,5,42,1,0.4,1,0.16666666666666666,0,50,1,1,18,394,658,0,0.5987841945288754,0.04568527918781726,1
goll_gappaaa,18,394,658,0,5,42,1,0.4,1,0.16666666666666666,0,50,1,1,18,394,658,0,0.5987841945288754,0.04568527918781726,1
goll_gappaaa,18,394,658,0,5,42,1,0.4,1,0.16666666666666666,0,50,1,1,18,394,658,0,0.5987841945288754,0.04568527918781726,1
goll_gappaaa,18,394,658,0,5,42,1,0.4,1,0.16666666666666666,0,50,1,1,18,394,658,0,0.5987841945288754,0.04568527918781726,1
goll_gappaaa,18,394,658,0,5,42,1,0.4,1,0.16666666666666666,0,50,1,1,18,394,658,0,0.5987841945288754,0.04568527918781726,1
goll_gappaaa,18,394,658,0,5,42,1,0.4,1,0.16666666666666666,0,50,1,1,18,394,658,0,0.5987841945288754,0.04568527918781726,1
goll_gappaaa,18,394,658,0,5,42,1,0.4,1,0.16666666666666666,0,50,1,1,18,394,658,0,0.5987841945288754,0.04568527918781726,1
goll_gappaaa,18,394,658,0,5,42,1,0.4,1,0.16666666666666666,0,50,1,1,18,394,658,0,0.5987841945288754,0.04568527918781726,1
goll_gappaaa,18,394,658,0,5,42,1,0.4,1,0.16666666666666666,0,50,1,1,18,394,658,0,0.5987841945288754,0.04568527918781726,1
goll_gappaaa,18,394,658,0,5,42,1,0.4,1,0.16666666666666666,0,50,1,1,18,394,658,0,0.5987841945288754,0.04568527918781726,1
goll_gappaaa,18,394,658,0,5,42,1,0.4,1,0.16666666666666666,0,50,1,1,18,394,658,0,0.5987841945288754,0.04568527918781726,1
goll_gappaaa,18,394,658,0,5,42,1,0.4,1,0.16666666666666666,0,50,1,1,18,394,658,0,0.5987841945288754,0.04568527918781726,1
goll_gappaaa,18,394,658,0,5,42,1,0.4,1,0.16666666666666666,0,50,1,1,18,394,658,0,0.5987841945288754,0.04568527918781726,1
goll_gappaaa,18,394,658,0,5,42,1,0.4,1,0.16666666666666666,0,50,1,1,18,394,658,0,0.5987841945288754,0.04568527918781726,1
goll_gappaaa,18,394,658,0,5,42,1,0.4,1,0.16666666666666666,0,50,1,1,18,394,658,0,0.5987841945288754,0.04568527918781726,1
goll_gappaaa,18,394,658,0,5,42,1,0.4,1,0.16666666666666666,0,50,1,1,18,394,658,0,0.5987841945288754,0.04568527918781726,1
goll_gappaaa,18,394,658,0,5,42,1,0.4,1,0.16666666666666666,0,50,1,1,18,394,658,0,0.5987841945288754,0.04568527918781726,1
goll_gappaaa,18,394,658,0,5,42,1,0.4,1,0.16666666666666666,0,50,1,1,18,394,658,0,0.5987841945288754,0.04568527918781726,1
goll_gappaaa,18,394,658,0,5,42,1,0.4,1,0.16666666666666666,0,50,1,1,18,394,658,0,0.5987841945288754,0.04568527918781726,1
goll_gappaaa,18,394,658,0,5,42,1,0.4,1,0.16666666666666666,0,50,1,1,18,394,658,0,0.5987841945288754,0.04568527918781726,1
goll_gappaaa,18,394,658,0,5,42,1,0.4,1,0.16666666666666666,0,50,1,1,18,394,658,0,0.5987841945288754,0.04568527918781726,1
goll_gappaaa,18,394,658,0,5,42,1,0.4,1,0.16666666666666666,0,50,1,1,18,394,658,0,0.5987841945288754,0.04568527918781726,1
goll_gappaaa,18,394,658,0,5,42,1,0.4,1,0.16666666666666666,0,50,1,1,18,394,658,0,0.5987841945288754,0.04568527918781726,1
goll_gappaaa,18,394,658,0,5,42,1,0.4,1,0.16666666666666666,0,50,1,1,18,394,658,0,0.5987841945288754,0.04568527918781726,1
goll_gappaaa,18,394,658,0,5,42,1,0.4,1,0.16666666666666666,0,50,1,1,18,394,658,0,0.5987841945288754,0.04568527918781726,1
goll_gappaaa,18,394,658,0,5,42,1,0.4,1,0.16666666666666666,0,50,1,1,18,394,658,0,0.5987841945288754,0.04568527918781726,1
goll_gappaaa,18,394,658,0,5,42,1,0.4,1,0.16666666666666666,0,50,1,1,18,394,658,0,0.5987841945288754,0.04568527918781726,1
goll_gappaaa,18,394,658,0,5,42,1,0.4,1,0.16666666666666666,0,50,1,1,18,394,658,0,0.5987841945288754,0.04568527918781726,1
goll_gappaaa,18,394,658,0,5,42,1,0.4,1,0.16666666666666666,0,50,1,1,18,394,658,0,0.5987841945288754,0.04568527918781726,1
goll_gappaaa,18,394,658,0,5,42,1,0.4,1,0.16666666666666666,0,50,1,1,18,394,658,0,0.5987841945288754,0.04568527918781726,1
goll_gappaaa,18,394,658,0,5,42,1,0.4,1,0.16666666666666666,0,50,1,1,18,394,658,0,0.5987841945288754,0.04568527918781726,1
goll_gappaaa,18,394,658,0,5,42,1,0.4,1,0.16666666666666666,0,50,1,1,18,394,658,0,0.5987841945288754,0.04568527918781726,1
goll_gappaaa,18,394,658,0,5,42,1,0.4,1,0.16666666666666666,0,50,1,1,18,394,658,0,0.5987841945288754,0.04568527918781726,1
iamsrk,859,47817244,6,0,5,42,1,0.2,3,0.4666666666666667,0,0,0,0,859,47817244,6,1,7969540.666666667,1.796423064449302e-05,1
iamsrk,859,47817249,6,0,5,42,1,0.2,3,0.4666666666666667,0,0,0,0,859,47817249,6,1,7969541.5,1.796422876606724e-05,1
iamsrk,859,47817247,6,0,5,42,1,0.2,3,0.4666666666666667,0,0,0,0,859,47817247,6,1,7969541.166666667,1.7964229517437505e-05,1
iamsrk,859,47817255,6,0,5,42,1,0.2,3,0.4666666666666667,0,0,0,0,859,47817255,6,1,7969542.5,1.7964226511956825e-05,1
iamsrk,859,47817256,6,0,5,42,1,0.2,3,0.4666666666666667,0,0,0,0,859,47817256,6,1,7969542.666666667,1.796422613627181e-05,1
iamsrk,859,47817281,6,0,5,42,1,0.2,3,0.4666666666666667,0,0,0,0,859,47817281,6,1,7969546.833333333,1.7964216744151553e-05,1
iamsrk,859,47817290,6,0,5,42,1,0.2,3,0.4666666666666667,0,0,0,0,859,47817290,6,1,7969548.333333333,1.7964213362990666e-05,1
iamsrk,859,47817287,6,0,5,42,1,0.2,3,0.4666666666666667,0,0,0,0,859,47817287,6,1,7969547.833333333,1.7964214490044154e-05,1
iamsrk,859,47817286,6,0,5,42,1,0.2,3,0.4666666666666667,0,0,0,0,859,47817286,6,1,7969547.666666667,1.7964214865728684e-05,1
iamsrk,859,47817283,6,0,5,42,1,0.2,3,0.4666666666666667,0,0,0,0,859,47817283,6,1,7969547.166666667,1.7964215992782358e-05,1
iamsrk,859,47817280,6,0,5,42,1,0.2,3,0.4666666666666667,0,0,0,0,859,47817280,6,1,7969546.666666667,1.7964217119836178e-05,1
iamsrk,859,47817287,6,0,5,42,1,0.2,3,0.4666666666666667,0,0,0,0,859,47817287,6,1,7969547.833333333,1.7964214490044154e-05,1
iamsrk,859,47817289,6,0,5,42,1,0.2,3,0.4666666666666667,0,0,0,0,859,47817289,6,1,7969548.166666667,1.796421373867515e-05,1
iamsrk,859,47817299,6,0,5,42,1,0.2,3,0.4666666666666667,0,0,0,0,859,47817299,6,1,7969549.833333333,1.7964209981831052e-05,1
iamsrk,859,47817291,6,0,5,42,1,0.2,3,0.4666666666666667,0,0,0,0,859,47817291,6,1,7969548.5,1.7964212987306204e-05,1
iamsrk,859,47817300,6,0,5,42,1,0.2,3,0.4666666666666667,0,0,0,0,859,47817300,6,1,7969550.0,1.796420960614673e-05,1
iamsrk,859,47817307,6,0,5,42,1,0.2,3,0.4666666666666667,0,0,0,0,859,47817307,6,1,7969551.166666667,1.7964206976356907e-05,1
iamsrk,859,47817307,6,0,5,42,1,0.2,3,0.4666666666666667,0,0,0,0,859,47817307,6,1,7969551.166666667,1.7964206976356907e-05,1
iamsrk,859,47817313,6,0,5,42,1,0.2,3,0.4666666666666667,0,0,0,0,859,47817313,6,1,7969552.166666667,1.796420472225196e-05,1
iamsrk,859,47817295,6,0,5,42,1,0.2,3,0.4666666666666667,0,0,0,0,859,47817295,6,1,7969549.166666667,1.79642114845685e-05,1
goll_gappaaa,18,394,658,0,5,42,1,0.4,1,0.16666666666666666,0,50,1,1,18,394,658,0,0.5987841945288754,0.04568527918781726,1
iamsrk,859,47817342,6,0,5,42,1,0.2,3,0.4666666666666667,0,0,0,0,859,47817342,6,1,7969557.0,1.7964193827419348e-05,1
iamsrk,859,47817341,6,0,5,42,1,0.2,3,0.4666666666666667,0,0,0,0,859,47817341,6,1,7969556.833333333,1.7964194203103014e-05,1
iamsrk,859,47817338,6,0,5,42,1,0.2,3,0.4666666666666667,0,0,0,0,859,47817338,6,1,7969556.333333333,1.7964195330154096e-05,1
goll_gappaaa,18,394,658,0,5,42,1,0.4,1,0.16666666666666666,0,50,1,1,18,394,658,0,0.5987841945288754,0.04568527918781726,1
goll_gappaaa,18,394,658,0,5,42,1,0.4,1,0.16666666666666666,0,50,1,1,18,394,658,0,0.5987841945288754,0.04568527918781726,1
goll_gappaaa,18,394,658,0,5,42,1,0.4,1,0.16666666666666666,0,50,1,1,18,394,658,0,0.5987841945288754,0.04568527918781726,1
goll_gappaaa,18,394,658,0,5,42,1,0.4,1,0.16666666666666666,0,50,1,1,18,394,658,0,0.5987841945288754,0.04568527918781726,1
goll_gappaaa,18,394,658,0,5,42,1,0.4,1,0.16666666666666666,0,50,1,1,18,394,658,0,0.5987841945288754,0.04568527918781726,1
goll_gappaaa,18,394,658,0,5,42,1,0.4,1,0.16666666666666666,0,50,1,1,18,394,658,0,0.5987841945288754,0.04568527918781726,1
goll_gappaaa,18,394,658,0,5,42,1,0.4,1,0.16666666666666666,0,50,1,1,18,394,658,0,0.5987841945288754,0.04568527918781726,1
goll_gappaaa,18,394,658,0,5,42,1,0.4,1,0.16666666666666666,0,50,1,1,18,394,658,0,0.5987841945288754,0.04568527918781726,1
goll_gappaaa,18,394,658,0,5,42,1,0.4,1,0.16666666666666666,0,50,1,1,18,394,658,0,0.5987841945288754,0.04568527918781726,1
goll_gappaaa,18,394,658,0,5,42,1,0.4,1,0.16666666666666666,0,50,1,1,18,394,658,0,0.5987841945288754,0.04568527918781726,1
goll_gappaaa,18,394,658,0,5,42,1,0.4,1,0.16666666666666666,0,50,1,1,18,394,658,0,0.5987841945288754,0.04568527918781726,1
goll_gappaaa,18,394,658,0,5,42,1,0.4,1,0.16666666666666666,0,50,1,1,18,394,658,0,0.5987841945288754,0.04568527918781726,1
goll_gappaaa,18,394,658,0,5,42,1,0.4,1,0.16666666666666666,0,50,1,1,18,394,658,0,0.5987841945288754,0.04568527918781726,1
goll_gappaaa,18,394,658,0,5,42,1,0.4,1,0.16666666666666666,0,50,1,1,18,394,658,0,0.5987841945288754,0.04568527918781726,1
goll_gappaaa,18,394,658,0,5,42,1,0.4,1,0.16666666666666666,0,50,1,1,18,394,658,0,0.5987841945288754,0.04568527918781726,1
goll_gappaaa,18,394,658,0,5,42,1,0.4,1,0.16666666666666666,0,50,1,1,18,394,658,0,0.5987841945288754,0.04568527918781726,1
goll_gappaaa,18,394,658,0,5,42,1,0.4,1,0.16666666666666666,0,50,1,1,18,394,658,0,0.5987841945288754,0.04568527918781726,1
goll_gappaaa,18,394,658,0,5,42,1,0.4,1,0.16666666666666666,0,50,1,1,18,394,658,0,0.5987841945288754,0.04568527918781726,1
goll_gappaaa,18,394,658,0,5,42,1,0.4,1,0.16666666666666666,0,50,1,1,18,394,658,0,0.5987841945288754,0.04568527918781726,1
goll_gappaaa,18,394,658,0,5,42,1,0.4,1,0.16666666666666666,0,50,1,1,18,394,658,0,0.5987841945288754,0.04568527918781726,1
goll_gappaaa,18,394,658,0,5,42,1,0.4,1,0.16666666666666666,0,50,1,1,18,394,658,0,0.5987841945288754,0.04568527918781726,1
mainly_krishna_,61,1644,374,0,5,42,1,0.5,1,0.23333333333333334,0,147,0,1,61,1644,374,0,4.39572192513369,0.03710462287104623,1
its.ba7man,0,5,6,0,5,42,1,0.3333333333333333,1,0.2,0,0,0,0,0,5,6,0,0.8333333333333334,0.0,1
saniyarai_40,1,4,34,0,5,42,1,0.4,0,0,0,77,0,1,1,4,34,0,0.11764705882352941,0.25,1
_muzic_lover_07_,16,13,7,0,5,42,1,0.5333333333333333,0,0,0,0,0,0,16,13,7,0,1.8571428571428572,1.2307692307692308,1
goll_gappaaa,18,394,658,0,5,42,1,0.4,1,0.16666666666666666,0,50,1,1,18,394,658,0,0.5987841945288754,0.04568527918781726,1
heenagohil_1584,2,289,372,0,5,42,1,0.5,2,0.36666666666666664,0,0,0,1,2,289,372,0,0.7768817204301075,0.006920415224913495,1
heenagohil_7799,3,159,45,0,5,42,1,0.5,2,0.36666666666666664,0,45,0,0,3,159,45,0,3.533333333333333,0.018867924528301886,1
iamsrk,859,47818071,6,0,5,42,1,0.2,3,0.4666666666666667,0,0,0,0,859,47818071,6,1,7969678.5,1.796391995820994e-05,1
the_art_from_heart_,46,29,3,0,5,42,1,0.6333333333333333,0,0,0,11,0,0,46,29,3,0,9.666666666666666,1.5862068965517242,1
heenagohil_7799,3,159,45,0,5,42,1,0.5,2,0.36666666666666664,0,45,0,0,3,159,45,0,3.533333333333333,0.018867924528301886,1
goll_gappaaa,18,394,658,0,5,42,1,0.4,1,0.16666666666666666,0,50,1,1,18,394,658,0,0.5987841945288754,0.04568527918781726,1
imdevanshkparikh,8,292,404,0,5,42,1,0.5333333333333333,2,0.4666666666666667,0,66,0,1,8,292,404,0,0.7227722772277227,0.0273972602739726,1
imdevanshkparikh,8,292,404,0,5,42,1,0.5333333333333333,2,0.4666666666666667,0,66,0,1,8,292,404,0,0.7227722772277227,0.0273972602739726,1
hetalbhaidasna,450,546,129,0,5,42,1,0.4666666666666667,3,0.7666666666666667,0,19,1,0,450,546,129,0,4.232558139534884,0.8241758241758241,1
hetalbhaidasna,450,546,129,0,5,42,1,0.4666666666666667,3,0.7666666666666667,0,19,1,0,450,546,129,0,4.232558139534884,0.8241758241758241,1
iamsrk,859,47817979,6,0,5,42,1,0.2,3,0.4666666666666667,0,0,0,0,859,47817979,6,1,7969663.166666667,1.7963954520118887e-05,1
iamsrk,859,47817979,6,0,5,42,1,0.2,3,0.4666666666666667,0,0,0,0,859,47817979,6,1,7969663.166666667,1.7963954520118887e-05,1
hetalbhaidasna,450,547,129,0,5,42,1,0.4666666666666667,3,0.7666666666666667,0,19,1,0,450,547,129,0,4.24031007751938,0.8226691042047533,1
kajol_113,66,458,340,0,5,42,1,0.3,2,0.36666666666666664,0,5,0,0,66,458,340,0,1.3470588235294119,0.14410480349344978,1
kajol_113,66,458,340,0,5,42,1,0.3,2,0.36666666666666664,0,5,0,0,66,458,340,0,1.3470588235294119,0.14410480349344978,1
kinnari_mishra,23,310,211,0,5,42,1,0.4666666666666667,3,0.7666666666666667,0,0,0,1,23,310,211,0,1.4691943127962086,0.07419354838709677,1
k_solitude_i,0,0,0,0,5,42,1,0.4,0,0,0,0,0,1,0,0,0,0,0,0,1
goll_gappaaa,18,394,658,0,5,42,1,0.4,1,0.16666666666666666,0,50,1,1,18,394,658,0,0.5987841945288754,0.04568527918781726,1
payalkharwar17,12,225,105,0,5,42,1,0.4666666666666667,1,0.43333333333333335,0,60,0,1,12,225,105,0,2.142857142857143,0.05333333333333334,1
nazma_udheja,106,87,87,0,5,42,1,0.4,2,0.43333333333333335,0,150,0,1,106,87,87,0,1.0,1.2183908045977012,1
_rudy_017_,1,144,141,0,5,42,1,0.3333333333333333,2,0.43333333333333335,0,0,0,1,1,144,141,0,1.0212765957446808,0.006944444444444444,1
__lavesh__02__,11,421,393,0,5,42,1,0.4666666666666667,2,0.16666666666666666,0,46,0,0,11,421,393,0,1.0712468193384224,0.026128266033254157,1
mainly_krishna_,61,1645,374,0,5,42,1,0.5,1,0.23333333333333334,0,147,0,1,61,1645,374,0,4.398395721925134,0.03708206686930091,1
payalkharwar17,12,164,105,0,5,42,1,0.4666666666666667,1,0.43333333333333335,0,60,0,1,12,164,105,0,1.561904761904762,0.07317073170731707,1
misbahul__07,4,1159,283,0,5,42,1,0.4,2,0.4666666666666667,0,96,0,0,4,1159,283,0,4.095406360424028,0.003451251078515962,1
__aatif__7,23,591,547,1,5,42,1,0.3333333333333333,1,0.26666666666666666,0,93,0,0,23,591,547,0,1.0804387568555758,0.038917089678511,1
badal_bnftv,100,253499,140,1,5,42,1,0.36666666666666664,2,0.36666666666666664,0,105,1,0,100,253499,140,1,1810.7071428571428,0.00039447887368391983,1
comicverseyt,1453,163513,213,1,5,42,1,0.4,1,0.3333333333333333,0,64,1,0,1453,163513,213,0,767.6666666666666,0.008886143609376625,1
salman_khan_official30,1849,95017,3,0,5,42,1,0.7333333333333333,3,0.43333333333333335,0,77,0,0,1849,95017,3,0,31672.333333333332,0.019459675636991275,1
salman_khan_official30,1849,95026,3,0,5,42,1,0.7333333333333333,3,0.43333333333333335,0,77,0,0,1849,95026,3,0,31675.333333333332,0.019457832593185023,1
salman_khan_official30,1849,95026,3,0,5,42,1,0.7333333333333333,3,0.43333333333333335,0,77,0,0,1849,95026,3,0,31675.333333333332,0.019457832593185023,1
salman_khan_official30,1849,95026,3,0,5,42,1,0.7333333333333333,3,0.43333333333333335,0,77,0,0,1849,95026,3,0,31675.333333333332,0.019457832593185023,1
salman_khan_official30,1849,95026,3,0,5,42,1,0.7333333333333333,3,0.43333333333333335,0,77,0,0,1849,95026,3,0,31675.333333333332,0.019457832593185023,1
salman_khan_official30,1849,95026,3,0,5,42,1,0.7333333333333333,3,0.43333333333333335,0,77,0,0,1849,95026,3,0,31675.333333333332,0.019457832593185023,1
salman_khan_official30,1849,95027,3,0,5,42,1,0.7333333333333333,3,0.43333333333333335,0,77,0,0,1849,95027,3,0,31675.666666666668,0.019457627832089826,1
salman_khan_official30,1849,95027,3,0,5,42,1,0.7333333333333333,3,0.43333333333333335,0,77,0,0,1849,95027,3,0,31675.666666666668,0.019457627832089826,1
salman_khan_official30,1849,95027,3,0,5,42,1,0.7333333333333333,3,0.43333333333333335,0,77,0,0,1849,95027,3,0,31675.666666666668,0.019457627832089826,1
beingsalmankhan._.27,1819,602264,23,0,5,42,1,0.6666666666666666,2,0.36666666666666664,0,114,1,0,1819,602264,23,0,26185.391304347828,0.0030202701805188423,1
_viratfanboy18_,4,16,4,0,5,42,1,0.5,4,0.5666666666666667,0,80,0,0,4,16,4,0,4.0,0.25,1
goll_gappaaa,18,394,658,0,5,42,1,0.4,1,0.16666666666666666,0,50,1,1,18,394,658,0,0.5987841945288754,0.04568527918781726,1
badal_bnftv,100,253499,140,1,5,42,1,0.36666666666666664,2,0.36666666666666664,0,105,1,0,100,253499,140,1,1810.7071428571428,0.00039447887368391983,1
virat.kohli,1368,270359922,283,0,5,42,1,0.36666666666666664,2,0.36666666666666664,0,10,0,0,1368,270359922,283,1,955335.4134275619,5.0599215663333415e-06,1
iamsrk,859,47818274,6,0,5,42,1,0.2,3,0.4666666666666667,0,0,0,0,859,47818274,6,1,7969712.333333333,1.796384369707698e-05,1
virat.kohli,1368,270359895,283,0,5,42,1,0.36666666666666664,2,0.36666666666666664,0,10,0,0,1368,270359895,283,1,955335.3180212014,5.0599220716519364e-06,1
virat.kohli,1368,270359892,283,0,5,42,1,0.36666666666666664,2,0.36666666666666664,0,10,0,0,1368,270359892,283,1,955335.3074204947,5.059922127798453e-06,1
virat.kohli,1368,270359873,283,0,5,42,1,0.36666666666666664,2,0.36666666666666664,0,10,0,0,1368,270359873,283,1,955335.2402826855,5.0599224833930885e-06,1
virat.kohli,1368,270359829,283,0,5,42,1,0.36666666666666664,2,0.36666666666666664,0,10,0,0,1368,270359829,283,1,955335.0848056537,5.059923306875593e-06,1
virat.kohli,1368,270359677,283,0,5,42,1,0.36666666666666664,2,0.36666666666666664,0,10,0,0,1368,270359677,283,1,955334.5477031802,5.059926151635401e-06,1
goll_gappaaa,18,394,658,0,5,42,1,0.4,1,0.16666666666666666,0,50,1,1,18,394,658,0,0.5987841945288754,0.04568527918781726,1
virat.kohli,1368,270359663,283,0,5,42,1,0.36666666666666664,2,0.36666666666666664,0,10,0,0,1368,270359663,283,1,955334.4982332155,5.059926413652912e-06,1
nehajethwani529,525,4444112,250,0,5,42,1,0.5,2,0.43333333333333335,0,89,0,0,525,4444112,250,1,17776.448,0.00011813383641096354,1
menofculture.69,321,57064,3,0,5,42,1,0.5,3,0.4666666666666667,0,80,1,0,321,57064,3,0,19021.333333333332,0.005625262862750596,1
payalkharwar17,12,122,105,0,5,42,1,0.4666666666666667,1,0.43333333333333335,0,60,0,1,12,122,105,0,1.161904761904762,0.09836065573770492,1
payalkharwar17,12,122,105,0,5,42,1,0.4666666666666667,1,0.43333333333333335,0,60,0,1,12,122,105,0,1.161904761904762,0.09836065573770492,1
payalkharwar17,12,122,104,0,5,42,1,0.4666666666666667,1,0.43333333333333335,0,60,0,1,12,122,104,0,1.1730769230769231,0.09836065573770492,1
virat.kohli,1368,270356896,283,0,5,42,1,0.36666666666666664,2,0.36666666666666664,0,10,0,0,1368,270356896,283,1,955324.7208480565,5.059978200075208e-06,1
goll_gappaaa,18,394,658,0,5,42,1,0.4,1,0.16666666666666666,0,50,1,1,18,394,658,0,0.5987841945288754,0.04568527918781726,1
goll_gappaaa,18,394,658,0,5,42,1,0.4,1,0.16666666666666666,0,50,1,1,18,394,658,0,0.5987841945288754,0.04568527918781726,1
goll_gappaaa,18,394,658,0,5,42,1,0.4,1,0.16666666666666666,0,50,1,1,18,394,658,0,0.5987841945288754,0.04568527918781726,1
goll_gappaaa,18,394,658,0,5,42,1,0.4,1,0.16666666666666666,0,50,1,1,18,394,658,0,0.5987841945288754,0.04568527918781726,1
goll_gappaaa,18,394,658,0,5,42,1,0.4,1,0.16666666666666666,0,50,1,1,18,394,658,0,0.5987841945288754,0.04568527918781726,1
goll_gappaaa,18,394,658,0,5,42,1,0.4,1,0.16666666666666666,0,50,1,1,18,394,658,0,0.5987841945288754,0.04568527918781726,1
goll_gappaaa,18,394,658,0,5,42,1,0.4,1,0.16666666666666666,0,50,1,1,18,394,658,0,0.5987841945288754,0.04568527918781726,1
goll_gappaaa,18,394,658,0,5,42,1,0.4,1,0.16666666666666666,0,50,1,1,18,394,658,0,0.5987841945288754,0.04568527918781726,1
iamsrk,859,47818617,6,0,5,42,1,0.2,3,0.4666666666666667,0,0,0,0,859,47818617,6,1,7969769.5,1.79637148435305e-05,1
goll_gappaaa,18,394,658,0,5,42,1,0.4,1,0.16666666666666666,0,50,1,1,18,394,658,0,0.5987841945288754,0.04568527918781726,1
goll_gappaaa,18,394,658,0,5,42,1,0.4,1,0.16666666666666666,0,50,1,1,18,394,658,0,0.5987841945288754,0.04568527918781726,1
goll_gappaaa,18,394,658,0,5,42,1,0.4,1,0.16666666666666666,0,50,1,1,18,394,658,0,0.5987841945288754,0.04568527918781726,1
goll_gappaaa,18,394,658,0,5,42,1,0.4,1,0.16666666666666666,0,50,1,1,18,394,658,0,0.5987841945288754,0.04568527918781726,1
goll_gappaaa,18,394,658,0,5,42,1,0.4,1,0.16666666666666666,0,50,1,1,18,394,658,0,0.5987841945288754,0.04568527918781726,1
goll_gappaaa,18,394,658,0,5,42,1,0.4,1,0.16666666666666666,0,50,1,1,18,394,658,0,0.5987841945288754,0.04568527918781726,1
goll_gappaaa,18,394,658,0,5,42,1,0.4,1,0.16666666666666666,0,50,1,1,18,394,658,0,0.5987841945288754,0.04568527918781726,1
goll_gappaaa,18,394,658,0,5,42,1,0.4,1,0.16666666666666666,0,50,1,1,18,394,658,0,0.5987841945288754,0.04568527918781726,1
goll_gappaaa,18,394,658,0,5,42,1,0.4,1,0.16666666666666666,0,50,1,1,18,394,658,0,0.5987841945288754,0.04568527918781726,1
iamsrk,859,47818612,6,0,5,42,1,0.2,3,0.4666666666666667,0,0,0,0,859,47818612,6,1,7969768.666666667,1.7963716721848805e-05,1
goll_gappaaa,18,394,658,0,5,42,1,0.4,1,0.16666666666666666,0,50,1,1,18,394,658,0,0.5987841945288754,0.04568527918781726,1
goll_gappaaa,18,394,658,0,5,42,1,0.4,1,0.16666666666666666,0,50,1,1,18,394,658,0,0.5987841945288754,0.04568527918781726,1
goll_gappaaa,18,394,658,0,5,42,1,0.4,1,0.16666666666666666,0,50,1,1,18,394,658,0,0.5987841945288754,0.04568527918781726,1
goll_gappaaa,18,394,658,0,5,42,1,0.4,1,0.16666666666666666,0,50,1,1,18,394,658,0,0.5987841945288754,0.04568527918781726,1
goll_gappaaa,18,394,658,0,5,42,1,0.4,1,0.16666666666666666,0,50,1,1,18,394,658,0,0.5987841945288754,0.04568527918781726,1
goll_gappaaa,18,394,658,0,5,42,1,0.4,1,0.16666666666666666,0,50,1,1,18,394,658,0,0.5987841945288754,0.04568527918781726,1
goll_gappaaa,18,394,658,0,5,42,1,0.4,1,0.16666666666666666,0,50,1,1,18,394,658,0,0.5987841945288754,0.04568527918781726,1
goll_gappaaa,18,394,658,0,5,42,1,0.4,1,0.16666666666666666,0,50,1,1,18,394,658,0,0.5987841945288754,0.04568527918781726,1
goll_gappaaa,18,394,658,0,5,42,1,0.4,1,0.16666666666666666,0,50,1,1,18,394,658,0,0.5987841945288754,0.04568527918781726,1
goll_gappaaa,18,394,658,0,5,42,1,0.4,1,0.16666666666666666,0,50,1,1,18,394,658,0,0.5987841945288754,0.04568527918781726,1
goll_gappaaa,18,394,658,0,5,42,1,0.4,1,0.16666666666666666,0,50,1,1,18,394,658,0,0.5987841945288754,0.04568527918781726,1
goll_gappaaa,18,394,658,0,5,42,1,0.4,1,0.16666666666666666,0,50,1,1,18,394,658,0,0.5987841945288754,0.04568527918781726,1
goll_gappaaa,18,394,658,0,5,42,1,0.4,1,0.16666666666666666,0,50,1,1,18,394,658,0,0.5987841945288754,0.04568527918781726,1
goll_gappaaa,18,394,658,0,5,42,1,0.4,1,0.16666666666666666,0,50,1,1,18,394,658,0,0.5987841945288754,0.04568527918781726,1
goll_gappaaa,18,394,658,0,5,42,1,0.4,1,0.16666666666666666,0,50,1,1,18,394,658,0,0.5987841945288754,0.04568527918781726,1
goll_gappaaa,18,394,658,0,5,42,1,0.4,1,0.16666666666666666,0,50,1,1,18,394,658,0,0.5987841945288754,0.04568527918781726,1
iamsrk,859,47818662,6,0,5,42,1,0.2,3,0.4666666666666667,0,0,0,0,859,47818662,6,1,7969777.0,1.7963697938683437e-05,1
iamsrk,859,47818663,6,0,5,42,1,0.2,3,0.4666666666666667,0,0,0,0,859,47818663,6,1,7969777.166666667,1.796369756302053e-05,1
iamsrk,859,47818672,6,0,5,42,1,0.2,3,0.4666666666666667,0,0,0,0,859,47818672,6,1,7969778.666666667,1.7963694182055077e-05,1
goll_gappaaa,18,394,658,0,5,42,1,0.4,1,0.16666666666666666,0,50,1,1,18,394,658,0,0.5987841945288754,0.04568527918781726,1
iamsrk,859,47818672,6,0,5,42,1,0.2,3,0.4666666666666667,0,0,0,0,859,47818672,6,1,7969778.666666667,1.7963694182055077e-05,1
goll_gappaaa,18,394,658,0,5,42,1,0.4,1,0.16666666666666666,0,50,1,1,18,394,658,0,0.5987841945288754,0.04568527918781726,1
goll_gappaaa,18,394,658,0,5,42,1,0.4,1,0.16666666666666666,0,50,1,1,18,394,658,0,0.5987841945288754,0.04568527918781726,1
goll_gappaaa,18,394,658,0,5,42,1,0.4,1,0.16666666666666666,0,50,1,1,18,394,658,0,0.5987841945288754,0.04568527918781726,1
goll_gappaaa,18,394,658,0,5,42,1,0.4,1,0.16666666666666666,0,50,1,1,18,394,658,0,0.5987841945288754,0.04568527918781726,1
goll_gappaaa,18,394,658,0,5,42,1,0.4,1,0.16666666666666666,0,50,1,1,18,394,658,0,0.5987841945288754,0.04568527918781726,1
goll_gappaaa,18,394,658,0,5,42,1,0.4,1,0.16666666666666666,0,50,1,1,18,394,658,0,0.5987841945288754,0.04568527918781726,1
goll_gappaaa,18,394,658,0,5,42,1,0.4,1,0.16666666666666666,0,50,1,1,18,394,658,0,0.5987841945288754,0.04568527918781726,1
sandeep__naiduu,8,457,371,0,5,42,1,0.5,1,0.16666666666666666,0,42,0,1,8,457,371,0,1.2318059299191375,0.0175054704595186,1
iamsrk,859,47818742,6,0,5,42,1,0.2,3,0.4666666666666667,0,0,0,0,859,47818742,6,1,7969790.333333333,1.796366788570055e-05,1
sandeep__naiduu,8,457,371,0,5,42,1,0.5,1,0.16666666666666666,0,42,0,1,8,457,371,0,1.2318059299191375,0.0175054704595186,1
sandeep__naiduu,8,457,371,0,5,42,1,0.5,1,0.16666666666666666,0,42,0,1,8,457,371,0,1.2318059299191375,0.0175054704595186,1
goll_gappaaa,18,394,658,0,5,42,1,0.4,1,0.16666666666666666,0,50,1,1,18,394,658,0,0.5987841945288754,0.04568527918781726,1
goll_gappaaa,18,394,658,0,5,42,1,0.4,1,0.16666666666666666,0,50,1,1,18,394,658,0,0.5987841945288754,0.04568527918781726,1
goll_gappaaa,18,394,658,0,5,42,1,0.4,1,0.16666666666666666,0,50,1,1,18,394,658,0,0.5987841945288754,0.04568527918781726,1
goll_gappaaa,18,394,658,0,5,42,1,0.4,1,0.16666666666666666,0,50,1,1,18,394,658,0,0.5987841945288754,0.04568527918781726,1
goll_gappaaa,18,394,658,0,5,42,1,0.4,1,0.16666666666666666,0,50,1,1,18,394,658,0,0.5987841945288754,0.04568527918781726,1
iamsrk,859,47818742,6,0,5,42,1,0.2,3,0.4666666666666667,0,0,0,0,859,47818742,6,1,7969790.333333333,1.796366788570055e-05,1
goll_gappaaa,18,394,658,0,5,42,1,0.4,1,0.16666666666666666,0,50,1,1,18,394,658,0,0.5987841945288754,0.04568527918781726,1
iamsrk,859,47818732,6,0,5,42,1,0.2,3,0.4666666666666667,0,0,0,0,859,47818732,6,1,7969788.666666667,1.796367164231791e-05,1
iamsrk,859,47818730,6,0,5,42,1,0.2,3,0.4666666666666667,0,0,0,0,859,47818730,6,1,7969788.333333333,1.796367239364157e-05,1
mainly_krishna_,61,1645,374,0,5,42,1,0.5,1,0.23333333333333334,0,147,0,1,61,1645,374,0,4.398395721925134,0.03708206686930091,1
virat.kohli,1368,270352717,283,0,5,42,1,0.36666666666666664,2,0.36666666666666664,0,10,0,0,1368,270352717,283,1,955309.9540636042,5.060056415116405e-06,1
saniyarai_40,1,4,34,0,5,42,1,0.4,0,0,0,77,0,1,1,4,34,0,0.11764705882352941,0.25,1
_muzic_lover_07_,16,13,7,0,5,42,1,0.5333333333333333,0,0,0,0,0,0,16,13,7,0,1.8571428571428572,1.2307692307692308,1
_muzic_lover_07_,16,13,7,0,5,42,1,0.5333333333333333,0,0,0,0,0,0,16,13,7,0,1.8571428571428572,1.2307692307692308,1
_muzic_lover_07_,16,13,7,0,5,42,1,0.5333333333333333,0,0,0,0,0,0,16,13,7,0,1.8571428571428572,1.2307692307692308,1
_muzic_lover_07_,16,13,7,0,5,42,1,0.5333333333333333,0,0,0,0,0,0,16,13,7,0,1.8571428571428572,1.2307692307692308,1
_muzic_lover_07_,16,13,7,0,5,42,1,0.5333333333333333,0,0,0,0,0,0,16,13,7,0,1.8571428571428572,1.2307692307692308,1
_muzic_lover_07_,16,13,7,0,5,42,1,0.5333333333333333,0,0,0,0,0,0,16,13,7,0,1.8571428571428572,1.2307692307692308,1
narendramodi,878,92418601,0,1,5,42,1,0.4,2,0.43333333333333335,1,26,1,0,878,92418601,0,1,0,9.500252010956107e-06,1
goll_gappaaa,18,394,658,0,5,42,1,0.4,1,0.16666666666666666,0,50,1,1,18,394,658,0,0.5987841945288754,0.04568527918781726,1
goll_gappaaa,18,394,659,0,5,42,1,0.4,1,0.16666666666666666,0,50,1,1,18,394,659,0,0.5978755690440061,0.04568527918781726,1
goll_gappaaa,18,394,659,0,5,42,1,0.4,1,0.16666666666666666,0,50,1,1,18,394,659,0,0.5978755690440061,0.04568527918781726,1
goll_gappaaa,18,394,659,0,5,42,1,0.4,1,0.16666666666666666,0,50,1,1,18,394,659,0,0.5978755690440061,0.04568527918781726,1
goll_gappaaa,18,394,659,0,5,42,1,0.4,1,0.16666666666666666,0,50,1,1,18,394,659,0,0.5978755690440061,0.04568527918781726,1
goll_gappaaa,18,394,659,0,5,42,1,0.4,1,0.16666666666666666,0,50,1,1,18,394,659,0,0.5978755690440061,0.04568527918781726,1
goll_gappaaa,18,394,659,0,5,42,1,0.4,1,0.16666666666666666,0,50,1,1,18,394,659,0,0.5978755690440061,0.04568527918781726,1
goll_gappaaa,18,394,659,0,5,42,1,0.4,1,0.16666666666666666,0,50,1,1,18,394,659,0,0.5978755690440061,0.04568527918781726,1
goll_gappaaa,18,394,659,0,5,42,1,0.4,1,0.16666666666666666,0,50,1,1,18,394,659,0,0.5978755690440061,0.04568527918781726,1
goll_gappaaa,18,394,659,0,5,42,1,0.4,1,0.16666666666666666,0,50,1,1,18,394,659,0,0.5978755690440061,0.04568527918781726,1
goll_gappaaa,18,394,659,0,5,42,1,0.4,1,0.16666666666666666,0,50,1,1,18,394,659,0,0.5978755690440061,0.04568527918781726,1
goll_gappaaa,18,394,659,0,5,42,1,0.4,1,0.16666666666666666,0,50,1,1,18,394,659,0,0.5978755690440061,0.04568527918781726,1
goll_gappaaa,18,394,659,0,5,42,1,0.4,1,0.16666666666666666,0,50,1,1,18,394,659,0,0.5978755690440061,0.04568527918781726,1
goll_gappaaa,18,394,659,0,5,42,1,0.4,1,0.16666666666666666,0,50,1,1,18,394,659,0,0.5978755690440061,0.04568527918781726,1
goll_gappaaa,18,394,659,0,5,42,1,0.4,1,0.16666666666666666,0,50,1,1,18,394,659,0,0.5978755690440061,0.04568527918781726,1
goll_gappaaa,18,394,659,0,5,42,1,0.4,1,0.16666666666666666,0,50,1,1,18,394,659,0,0.5978755690440061,0.04568527918781726,1
goll_gappaaa,18,394,659,0,5,42,1,0.4,1,0.16666666666666666,0,50,1,1,18,394,659,0,0.5978755690440061,0.04568527918781726,1
goll_gappaaa,18,394,659,0,5,42,1,0.4,1,0.16666666666666666,0,50,1,1,18,394,659,0,0.5978755690440061,0.04568527918781726,1
goll_gappaaa,18,394,659,0,5,42,1,0.4,1,0.16666666666666666,0,50,1,1,18,394,659,0,0.5978755690440061,0.04568527918781726,1
goll_gappaaa,18,394,659,0,5,42,1,0.4,1,0.16666666666666666,0,50,1,1,18,394,659,0,0.5978755690440061,0.04568527918781726,1
goll_gappaaa,18,394,659,0,5,42,1,0.4,1,0.16666666666666666,0,50,1,1,18,394,659,0,0.5978755690440061,0.04568527918781726,1
goll_gappaaa,18,394,659,0,5,42,1,0.4,1,0.16666666666666666,0,50,1,1,18,394,659,0,0.5978755690440061,0.04568527918781726,1
goll_gappaaa,18,394,659,0,5,42,1,0.4,1,0.16666666666666666,0,50,1,1,18,394,659,0,0.5978755690440061,0.04568527918781726,1
goll_gappaaa,18,394,659,0,5,42,1,0.4,1,0.16666666666666666,0,50,1,1,18,394,659,0,0.5978755690440061,0.04568527918781726,1
goll_gappaaa,18,394,659,0,5,42,1,0.4,1,0.16666666666666666,0,50,1,1,18,394,659,0,0.5978755690440061,0.04568527918781726,1
goll_gappaaa,18,394,659,0,5,42,1,0.4,1,0.16666666666666666,0,50,1,1,18,394,659,0,0.5978755690440061,0.04568527918781726,1
goll_gappaaa,18,394,659,0,5,42,1,0.4,1,0.16666666666666666,0,50,1,1,18,394,659,0,0.5978755690440061,0.04568527918781726,1
goll_gappaaa,18,394,659,0,5,42,1,0.4,1,0.16666666666666666,0,50,1,1,18,394,659,0,0.5978755690440061,0.04568527918781726,1
goll_gappaaa,18,394,659,0,5,42,1,0.4,1,0.16666666666666666,0,50,1,1,18,394,659,0,0.5978755690440061,0.04568527918781726,1
goll_gappaaa,18,394,659,0,5,42,1,0.4,1,0.16666666666666666,0,50,1,1,18,394,659,0,0.5978755690440061,0.04568527918781726,1
goll_gappaaa,18,394,659,0,5,42,1,0.4,1,0.16666666666666666,0,50,1,1,18,394,659,0,0.5978755690440061,0.04568527918781726,1
goll_gappaaa,18,394,659,0,5,42,1,0.4,1,0.16666666666666666,0,50,1,1,18,394,659,0,0.5978755690440061,0.04568527918781726,1
goll_gappaaa,18,394,659,0,5,42,1,0.4,1,0.16666666666666666,0,50,1,1,18,394,659,0,0.5978755690440061,0.04568527918781726,1
goll_gappaaa,18,394,659,0,5,42,1,0.4,1,0.16666666666666666,0,50,1,1,18,394,659,0,0.5978755690440061,0.04568527918781726,1
goll_gappaaa,18,394,659,0,5,42,1,0.4,1,0.16666666666666666,0,50,1,1,18,394,659,0,0.5978755690440061,0.04568527918781726,1
goll_gappaaa,18,394,659,0,5,42,1,0.4,1,0.16666666666666666,0,50,1,1,18,394,659,0,0.5978755690440061,0.04568527918781726,1
goll_gappaaa,18,394,659,0,5,42,1,0.4,1,0.16666666666666666,0,50,1,1,18,394,659,0,0.5978755690440061,0.04568527918781726,1
goll_gappaaa,18,394,659,0,5,42,1,0.4,1,0.16666666666666666,0,50,1,1,18,394,659,0,0.5978755690440061,0.04568527918781726,1
goll_gappaaa,18,394,659,0,5,42,1,0.4,1,0.16666666666666666,0,50,1,1,18,394,659,0,0.5978755690440061,0.04568527918781726,1
goll_gappaaa,18,394,659,0,5,42,1,0.4,1,0.16666666666666666,0,50,1,1,18,394,659,0,0.5978755690440061,0.04568527918781726,1
goll_gappaaa,18,394,659,0,5,42,1,0.4,1,0.16666666666666666,0,50,1,1,18,394,659,0,0.5978755690440061,0.04568527918781726,1
goll_gappaaa,18,394,659,0,5,42,1,0.4,1,0.16666666666666666,0,50,1,1,18,394,659,0,0.5978755690440061,0.04568527918781726,1
goll_gappaaa,18,394,659,0,5,42,1,0.4,1,0.16666666666666666,0,50,1,1,18,394,659,0,0.5978755690440061,0.04568527918781726,1
goll_gappaaa,18,394,659,0,5,42,1,0.4,1,0.16666666666666666,0,50,1,1,18,394,659,0,0.5978755690440061,0.04568527918781726,1
goll_gappaaa,18,394,659,0,5,42,1,0.4,1,0.16666666666666666,0,50,1,1,18,394,659,0,0.5978755690440061,0.04568527918781726,1
goll_gappaaa,18,394,659,0,5,42,1,0.4,1,0.16666666666666666,0,50,1,1,18,394,659,0,0.5978755690440061,0.04568527918781726,1
goll_gappaaa,18,394,659,0,5,42,1,0.4,1,0.16666666666666666,0,50,1,1,18,394,659,0,0.5978755690440061,0.04568527918781726,1
goll_gappaaa,18,394,659,0,5,42,1,0.4,1,0.16666666666666666,0,50,1,1,18,394,659,0,0.5978755690440061,0.04568527918781726,1
goll_gappaaa,18,394,659,0,5,42,1,0.4,1,0.16666666666666666,0,50,1,1,18,394,659,0,0.5978755690440061,0.04568527918781726,1
goll_gappaaa,18,394,659,0,5,42,1,0.4,1,0.16666666666666666,0,50,1,1,18,394,659,0,0.5978755690440061,0.04568527918781726,1
goll_gappaaa,18,394,659,0,5,42,1,0.4,1,0.16666666666666666,0,50,1,1,18,394,659,0,0.5978755690440061,0.04568527918781726,1
goll_gappaaa,18,394,659,0,5,42,1,0.4,1,0.16666666666666666,0,50,1,1,18,394,659,0,0.5978755690440061,0.04568527918781726,1
goll_gappaaa,18,394,659,0,5,42,1,0.4,1,0.16666666666666666,0,50,1,1,18,394,659,0,0.5978755690440061,0.04568527918781726,1
goll_gappaaa,18,394,659,0,5,42,1,0.4,1,0.16666666666666666,0,50,1,1,18,394,659,0,0.5978755690440061,0.04568527918781726,1
goll_gappaaa,18,394,659,0,5,42,1,0.4,1,0.16666666666666666,0,50,1,1,18,394,659,0,0.5978755690440061,0.04568527918781726,1
goll_gappaaa,18,394,659,0,5,42,1,0.4,1,0.16666666666666666,0,50,1,1,18,394,659,0,0.5978755690440061,0.04568527918781726,1
goll_gappaaa,18,394,659,0,5,42,1,0.4,1,0.16666666666666666,0,50,1,1,18,394,659,0,0.5978755690440061,0.04568527918781726,1
iamsrk,859,47818759,6,0,5,42,1,0.2,3,0.4666666666666667,0,0,0,0,859,47818759,6,1,7969793.166666667,1.796366149945464e-05,1
iamsrk,859,47818747,6,0,5,42,1,0.2,3,0.4666666666666667,0,0,0,0,859,47818747,6,1,7969791.166666667,1.7963666007392455e-05,1
iamsrk,859,47818747,6,0,5,42,1,0.2,3,0.4666666666666667,0,0,0,0,859,47818747,6,1,7969791.166666667,1.7963666007392455e-05,1
iamsrk,859,47818738,6,0,5,42,1,0.2,3,0.4666666666666667,0,0,0,0,859,47818738,6,1,7969789.666666667,1.7963669388347304e-05,1
iamsrk,859,47818743,6,0,5,42,1,0.2,3,0.4666666666666667,0,0,0,0,859,47818743,6,1,7969790.5,1.79636675100389e-05,1
iamsrk,859,47818728,6,0,5,42,1,0.2,3,0.4666666666666667,0,0,0,0,859,47818728,6,1,7969788.0,1.7963673144965296e-05,1
iamsrk,859,47818711,6,0,5,42,1,0.2,3,0.4666666666666667,0,0,0,0,859,47818711,6,1,7969785.166666667,1.7963679531219486e-05,1
iamsrk,859,47818708,6,0,5,42,1,0.2,3,0.4666666666666667,0,0,0,0,859,47818708,6,1,7969784.666666667,1.796368065820599e-05,1
iamsrk,859,47818696,6,0,5,42,1,0.2,3,0.4666666666666667,0,0,0,0,859,47818696,6,1,7969782.666666667,1.796368516615342e-05,1
iamsrk,859,47818701,6,0,5,42,1,0.2,3,0.4666666666666667,0,0,0,0,859,47818701,6,1,7969783.5,1.7963683287841717e-05,1
iamsrk,859,47818679,6,0,5,42,1,0.2,3,0.4666666666666667,0,0,0,0,859,47818679,6,1,7969779.833333333,1.796369155241616e-05,1
iamsrk,859,47818679,6,0,5,42,1,0.2,3,0.4666666666666667,0,0,0,0,859,47818679,6,1,7969779.833333333,1.796369155241616e-05,1
iamsrk,859,47818687,6,0,5,42,1,0.2,3,0.4666666666666667,0,0,0,0,859,47818687,6,1,7969781.166666667,1.7963688547115483e-05,1
iamsrk,859,47818667,6,0,5,42,1,0.2,3,0.4666666666666667,0,0,0,0,859,47818667,6,1,7969777.833333333,1.796369606036906e-05,1
goll_gappaaa,18,394,659,0,5,42,1,0.4,1,0.16666666666666666,0,50,1,1,18,394,659,0,0.5978755690440061,0.04568527918781726,1
narendramodi,878,92417147,0,0,5,42,1,0.4,2,0.43333333333333335,1,26,1,0,878,92417147,0,1,0,9.50040147852649e-06,1
goll_gappaaa,18,394,659,0,5,42,1,0.4,1,0.16666666666666666,0,50,1,1,18,394,659,0,0.5978755690440061,0.04568527918781726,1
goll_gappaaa,18,394,659,0,5,42,1,0.4,1,0.16666666666666666,0,50,1,1,18,394,659,0,0.5978755690440061,0.04568527918781726,1
goll_gappaaa,18,394,659,0,5,42,1,0.4,1,0.16666666666666666,0,50,1,1,18,394,659,0,0.5978755690440061,0.04568527918781726,1
goll_gappaaa,18,394,659,0,5,42,1,0.4,1,0.16666666666666666,0,50,1,1,18,394,659,0,0.5978755690440061,0.04568527918781726,1
goll_gappaaa,18,394,659,0,5,42,1,0.4,1,0.16666666666666666,0,50,1,1,18,394,659,0,0.5978755690440061,0.04568527918781726,1
goll_gappaaa,18,394,659,0,5,42,1,0.4,1,0.16666666666666666,0,50,1,1,18,394,659,0,0.5978755690440061,0.04568527918781726,1
goll_gappaaa,18,394,659,0,5,42,1,0.4,1,0.16666666666666666,0,50,1,1,18,394,659,0,0.5978755690440061,0.04568527918781726,1
goll_gappaaa,18,394,659,0,5,42,1,0.4,1,0.16666666666666666,0,50,1,1,18,394,659,0,0.5978755690440061,0.04568527918781726,1
goll_gappaaa,18,394,659,0,5,42,1,0.4,1,0.16666666666666666,0,50,1,1,18,394,659,0,0.5978755690440061,0.04568527918781726,1
goll_gappaaa,18,394,659,0,5,42,1,0.4,1,0.16666666666666666,0,50,1,1,18,394,659,0,0.5978755690440061,0.04568527918781726,1
goll_gappaaa,18,394,659,0,5,42,1,0.4,1,0.16666666666666666,0,50,1,1,18,394,659,0,0.5978755690440061,0.04568527918781726,1
goll_gappaaa,18,394,659,0,5,42,1,0.4,1,0.16666666666666666,0,50,1,1,18,394,659,0,0.5978755690440061,0.04568527918781726,1
goll_gappaaa,18,394,659,0,5,42,1,0.4,1,0.16666666666666666,0,50,1,1,18,394,659,0,0.5978755690440061,0.04568527918781726,1
goll_gappaaa,18,394,659,0,5,42,1,0.4,1,0.16666666666666666,0,50,1,1,18,394,659,0,0.5978755690440061,0.04568527918781726,1
goll_gappaaa,18,394,659,0,5,42,1,0.4,1,0.16666666666666666,0,50,1,1,18,394,659,0,0.5978755690440061,0.04568527918781726,1
nyx_ynx,3,6,222,0,5,42,1,0.23333333333333334,1,0.1,0,12,0,0,3,6,222,0,0.02702702702702703,0.5,1
nyx_ynx,3,6,222,0,5,42,1,0.23333333333333334,1,0.1,0,12,0,0,3,6,222,0,0.02702702702702703,0.5,1
nyx.ynn,2,37,32,0,5,42,1,0.23333333333333334,1,0.13333333333333333,0,26,0,1,2,37,32,0,1.15625,0.05405405405405406,1
